projectId,month
proj-001,2026-01
proj-001,2026-02
proj-001,2026-03
proj-002,2026-01
proj-002,2026-02
proj-002,2026-03
proj-003,2026-01
proj-003,2026-02
proj-003,2026-03
proj-004,2026-01
proj-004,2026-02
proj-004,2026-03
proj-005,2026-01
proj-005,2026-02
proj-005,2026-03
proj-006,2026-01
proj-006,2026-02
proj-006,2026-03
proj-007,2026-01
proj-007,2026-02
proj-007,2026-03
proj-008,2026-01
proj-008,2026-02
proj-008,2026-03
proj-009,2026-01
proj-009,2026-02
proj-009,2026-03
proj-010,2026-01
proj-010,2026-02
proj-010,2026-03
proj-011,2026-01
proj-011,2026-02
proj-011,2026-03
proj-012,2026-01
proj-012,2026-02
proj-012,2026-03
proj-013,2026-01
proj-013,2026-02
proj-013,2026-03
proj-014,2026-01
proj-014,2026-02
proj-014,2026-03
proj-015,2026-01
proj-015,2026-02
proj-015,2026-03
proj-016,2026-01
proj-016,2026-02
proj-016,2026-03
proj-017,2026-01
proj-017,2026-02
proj-017,2026-03
proj-018,2026-01
proj-018,2026-02
proj-018,2026-03
proj-019,2026-01
proj-019,2026-02
proj-019,2026-03
proj-020,2026-01
proj-020,2026-02
proj-020,2026-03
proj-021,2026-01
proj-021,2026-02
proj-021,2026-03
proj-022,2026-01
proj-022,2026-02
proj-022,2026-03
proj-023,2026-01
proj-023,2026-02
proj-023,2026-03
proj-024,2026-01
proj-024,2026-02
proj-024,2026-03
proj-025,2026-01
proj-025,2026-02
proj-025,2026-03
proj-026,2026-01
proj-026,2026-02
proj-026,2026-03
proj-027,2026-01
proj-027,2026-02
proj-027,2026-03
proj-028,2026-01
proj-028,2026-02
proj-028,2026-03
proj-029,2026-01
proj-029,2026-02
proj-029,2026-03
proj-030,2026-01
proj-030,2026-02
proj-030,2026-03
proj-031,2026-01
proj-031,2026-02
proj-031,2026-03
proj-032,2026-01
proj-032,2026-02
proj-032,2026-03
proj-033,2026-01
proj-033,2026-02
proj-033,2026-03
proj-034,2026-01
proj-034,2026-02
proj-034,2026-03
proj-035,2026-01
proj-035,2026-02
proj-035,2026-03
proj-036,2026-01
proj-036,2026-02
proj-036,2026-03
proj-037,2026-01
proj-037,2026-02
proj-037,2026-03
proj-038,2026-01
proj-038,2026-02
proj-038,2026-03
proj-039,2026-01
proj-039,2026-02
proj-039,2026-03
proj-040,2026-01
proj-040,2026-02
proj-040,2026-03
proj-041,2026-01
proj-041,2026-02
proj-041,2026-03
proj-042,2026-01
proj-042,2026-02
proj-042,2026-03
proj-043,2026-01
proj-043,2026-02
proj-043,2026-03
proj-044,2026-01
proj-044,2026-02
proj-044,2026-03
proj-045,2026-01
proj-045,2026-02
proj-045,2026-03
proj-046,2026-01
proj-046,2026-02
proj-046,2026-03
proj-047,2026-01
proj-047,2026-02
proj-047,2026-03
proj-048,2026-01
proj-048,2026-02
proj-048,2026-03
proj-049,2026-01
proj-049,2026-02
proj-049,2026-03
proj-050,2026-01
proj-050,2026-02
proj-050,2026-03
proj-051,2026-01
proj-051,2026-02
proj-051,2026-03
proj-052,2026-01
proj-052,2026-02
proj-052,2026-03
proj-053,2026-01
proj-053,2026-02
proj-053,2026-03
proj-054,2026-01
proj-054,2026-02
proj-054,2026-03
proj-055,2026-01
proj-055,2026-02
proj-055,2026-03
proj-056,2026-01
proj-056,2026-02
proj-056,2026-03
proj-057,2026-01
proj-057,2026-02
proj-057,2026-03
proj-058,2026-01
proj-058,2026-02
proj-058,2026-03
proj-059,2026-01
proj-059,2026-02
proj-059,2026-03
proj-060,2026-01
proj-060,2026-02
proj-060,2026-03
proj-061,2026-01
proj-061,2026-02
proj-061,2026-03
proj-062,2026-01
proj-062,2026-02
proj-062,2026-03
proj-063,2026-01
proj-063,2026-02
proj-063,2026-03
proj-064,2026-01
proj-064,2026-02
proj-064,2026-03
proj-065,2026-01
proj-065,2026-02
proj-065,2026-03
proj-066,2026-01
proj-066,2026-02
proj-066,2026-03
proj-067,2026-01
proj-067,2026-02
proj-067,2026-03
proj-068,2026-01
proj-068,2026-02
proj-068,2026-03
proj-069,2026-01
proj-069,2026-02
proj-069,2026-03
proj-070,2026-01
proj-070,2026-02
proj-070,2026-03
proj-071,2026-01
proj-071,2026-02
proj-071,2026-03
proj-072,2026-01
proj-072,2026-02
proj-072,2026-03
proj-073,2026-01
proj-073,2026-02
proj-073,2026-03
proj-074,2026-01
proj-074,2026-02
proj-074,2026-03
proj-075,2026-01
proj-075,2026-02
proj-075,2026-03
proj-076,2026-01
proj-076,2026-02
proj-076,2026-03
proj-077,2026-01
proj-077,2026-02
proj-077,2026-03
proj-078,2026-01
proj-078,2026-02
proj-078,2026-03
proj-079,2026-01
proj-079,2026-02
proj-079,2026-03
proj-080,2026-01
proj-080,2026-02
proj-080,2026-03
proj-081,2026-01
proj-081,2026-02
proj-081,2026-03
proj-082,2026-01
proj-082,2026-02
proj-082,2026-03
proj-083,2026-01
proj-083,2026-02
proj-083,2026-03
proj-084,2026-01
proj-084,2026-02
proj-084,2026-03
proj-085,2026-01
proj-085,2026-02
proj-085,2026-03
proj-086,2026-01
proj-086,2026-02
proj-086,2026-03
proj-087,2026-01
proj-087,2026-02
proj-087,2026-03
proj-088,2026-01
proj-088,2026-02
proj-088,2026-03
proj-089,2026-01
proj-089,2026-02
proj-089,2026-03
proj-090,2026-01
proj-090,2026-02
proj-090,2026-03
proj-091,2026-01
proj-091,2026-02
proj-091,2026-03
proj-092,2026-01
proj-092,2026-02
proj-092,2026-03
proj-093,2026-01
proj-093,2026-02
proj-093,2026-03
proj-094,2026-01
proj-094,2026-02
proj-094,2026-03
proj-095,2026-01
proj-095,2026-02
proj-095,2026-03
proj-096,2026-01
proj-096,2026-02
proj-096,2026-03
proj-097,2026-01
proj-097,2026-02
proj-097,2026-03
proj-098,2026-01
proj-098,2026-02
proj-098,2026-03
proj-099,2026-01
proj-099,2026-02
proj-099,2026-03
proj-100,2026-01
proj-100,2026-02
proj-100,2026-03
